INSERT INTO SPACELIB.NAVETTE (ID, NBPLACES, PROCHAINEREVISION) 
	VALUES (1, 4, 0);
INSERT INTO SPACELIB.NAVETTE (ID, NBPLACES, PROCHAINEREVISION) 
	VALUES (2, 2, 1);
INSERT INTO SPACELIB.NAVETTE (ID, NBPLACES, PROCHAINEREVISION) 
	VALUES (3, 2, 1);
INSERT INTO SPACELIB.NAVETTE (ID, NBPLACES, PROCHAINEREVISION) 
	VALUES (4, 6, 1);
INSERT INTO SPACELIB.NAVETTE (ID, NBPLACES, PROCHAINEREVISION) 
	VALUES (5, 8, 1);
INSERT INTO SPACELIB.NAVETTE (ID, NBPLACES, PROCHAINEREVISION) 
	VALUES (6, 2, 1);
INSERT INTO SPACELIB.NAVETTE (ID, NBPLACES, PROCHAINEREVISION) 
	VALUES (7, 6, 1);
INSERT INTO SPACELIB.NAVETTE (ID, NBPLACES, PROCHAINEREVISION) 
	VALUES (8, 7, 2);

INSERT INTO SPACELIB.QUAI (ID, DATERESERVATION, CODEQUAI, STATION_ID, "NAVARRIMÉE_ID") 
	VALUES (102, NULL, 'QuaiD1', 2, 2);
INSERT INTO SPACELIB.QUAI (ID, DATERESERVATION, CODEQUAI, STATION_ID, "NAVARRIMÉE_ID") 
	VALUES (103, NULL, 'QuaiD2', 2, 3);
INSERT INTO SPACELIB.QUAI (ID, DATERESERVATION, CODEQUAI, STATION_ID, "NAVARRIMÉE_ID") 
	VALUES (104, NULL, 'QuaiD3', 2, 4);
INSERT INTO SPACELIB.QUAI (ID, DATERESERVATION, CODEQUAI, STATION_ID, "NAVARRIMÉE_ID") 
	VALUES (105, NULL, 'QuaiT1', 1, NULL);
INSERT INTO SPACELIB.QUAI (ID, DATERESERVATION, CODEQUAI, STATION_ID, "NAVARRIMÉE_ID") 
	VALUES (106, NULL, 'QuaiT2', 1, NULL);
INSERT INTO SPACELIB.QUAI (ID, DATERESERVATION, CODEQUAI, STATION_ID, "NAVARRIMÉE_ID") 
	VALUES (107, NULL, 'QuaiT3', 1, NULL);
INSERT INTO SPACELIB.QUAI (ID, DATERESERVATION, CODEQUAI, STATION_ID, "NAVARRIMÉE_ID") 
	VALUES (108, NULL, 'QuaiT4', 1, NULL);
INSERT INTO SPACELIB.QUAI (ID, DATERESERVATION, CODEQUAI, STATION_ID, "NAVARRIMÉE_ID") 
	VALUES (109, NULL, 'QuaiA1', 3, NULL);
INSERT INTO SPACELIB.QUAI (ID, DATERESERVATION, CODEQUAI, STATION_ID, "NAVARRIMÉE_ID") 
	VALUES (110, NULL, 'QuaiA2', 3, NULL);
INSERT INTO SPACELIB.QUAI (ID, DATERESERVATION, CODEQUAI, STATION_ID, "NAVARRIMÉE_ID") 
	VALUES (111, NULL, 'QuaiA3', 3, NULL);
INSERT INTO SPACELIB.QUAI (ID, DATERESERVATION, CODEQUAI, STATION_ID, "NAVARRIMÉE_ID") 
	VALUES (112, NULL, 'QuaiA4', 3, NULL);
INSERT INTO SPACELIB.QUAI (ID, DATERESERVATION, CODEQUAI, STATION_ID, "NAVARRIMÉE_ID") 
	VALUES (113, NULL, 'QuaiB1', 4, 5);
INSERT INTO SPACELIB.QUAI (ID, DATERESERVATION, CODEQUAI, STATION_ID, "NAVARRIMÉE_ID") 
	VALUES (114, NULL, 'QuaiB2', 4, 6);
INSERT INTO SPACELIB.QUAI (ID, DATERESERVATION, CODEQUAI, STATION_ID, "NAVARRIMÉE_ID") 
	VALUES (115, NULL, 'QuaiB3', 4, 7);
INSERT INTO SPACELIB.QUAI (ID, DATERESERVATION, CODEQUAI, STATION_ID, "NAVARRIMÉE_ID") 
	VALUES (116, '2018-06-08 14:42:32.616', 'QuaiD5', 2, NULL);
INSERT INTO SPACELIB.QUAI (ID, DATERESERVATION, CODEQUAI, STATION_ID, "NAVARRIMÉE_ID") 
	VALUES (117, '2018-06-14 17:04:28.342', 'QuaiB4', 4, NULL);

INSERT INTO SPACELIB."SEQUENCE" (SEQ_NAME, SEQ_COUNT) 
	VALUES ('SEQ_GEN', 650);

INSERT INTO SPACELIB.STATION (ID, NOM, "POSITION") 
	VALUES (1, 'Terre', '');
INSERT INTO SPACELIB.STATION (ID, NOM, "POSITION") 
	VALUES (2, 'Dimidium', '');
INSERT INTO SPACELIB.STATION (ID, NOM, "POSITION") 
	VALUES (3, 'Arion', '');
INSERT INTO SPACELIB.STATION (ID, NOM, "POSITION") 
	VALUES (4, 'Brahe', '');
INSERT INTO SPACELIB.STATION (ID, NOM, "POSITION") 
	VALUES (5, 'Amateru', '');
INSERT INTO SPACELIB.STATION (ID, NOM, "POSITION") 
	VALUES (6, 'Tadmor', '');

INSERT INTO SPACELIB.UTILISATEUR (ID, DTYPE, LOGIN, NOM, PASSWORD, PRENOM) 
	VALUES (7, 'Usager', 'testL', 'montuy', 'testP', 'fanny');
INSERT INTO SPACELIB.UTILISATEUR (ID, DTYPE, LOGIN, NOM, PASSWORD, PRENOM) 
	VALUES (201, 'Usager', 'pierreL', 'Liaubet', 'pierreL', 'Pierre');
INSERT INTO SPACELIB.UTILISATEUR (ID, DTYPE, LOGIN, NOM, PASSWORD, PRENOM) 
	VALUES (202, 'Usager', 'leaM', 'Martel', 'leaM', 'Léa');
